1,Война и мир,Толстой,1867
2,Fight club,Chuck Palahniuk,1996
3,Harry Potter,Rowling,1851
4,1984,Джордж Оруэлл,1984
5,Война и мир,Толстой,1867
6,Fight club,Chuck Palahniuk,1996
7,Harry Potter,Rowling,1851
8,1984,Джордж Оруэлл,1984
9,Война и мир,Толстой,1867
10,Fight club,Chuck Palahniuk,1996
11,Война и мир,Толстой,1867
12,Fight club,Chuck Palahniuk,1996
13,Harry Potter,Rowling,1851
14,1984,Джордж Оруэлл,1984
15,Война и мир,Толстой,1867
16,Fight club,Chuck Palahniuk,1996
17,Harry Potter,Rowling,1851
18,1984,Джордж Оруэлл,1984
19,Война и мир,Толстой,1867
20,Fight club,Chuck Palahniuk,1996
21,Война и мир,Толстой,1867
22,Fight club,Chuck Palahniuk,1996
23,Harry Potter,Rowling,1851
24,1984,Джордж Оруэлл,1984
25,Война и мир,Толстой,1867
26,Fight club,Chuck Palahniuk,1996
27,Harry Potter,Rowling,1851
28,1984,Джордж Оруэлл,1984
29,Война и мир,Толстой,1867
30,Fight club,Chuck Palahniuk,1996